{"cameraMode":{"drawMode":0,"name":"Shaded","section":"Shading Mode"},"sceneLighting":true,"audioPlay":false,"sceneViewState":{"m_AlwaysRefresh":false,"showFog":true,"showSkybox":true,"showFlares":true,"showImageEffects":true,"showParticleSystems":true,"showVisualEffectGraphs":true,"m_FxEnabled":true},"in2DMode":false,"pivot":{"x":2.2034566402435304,"y":2.1985340118408205,"z":2.4221413135528566},"rotation":{"x":0.07790632545948029,"y":-0.6271198391914368,"z":0.06323094666004181,"w":0.7725048065185547},"size":1.2347917556762696,"orthographic":false}